web-scraper-order,web-scraper-start-url,enkelt-link,enkelt-link-href,afdeling,rent
"1605889409-1719","https://aarhusbolig.dk/Soeg-bolig?Fritekst=&8340+Malling=28&omr-data-carrier=8340+Malling&BoligOmraader=28&org-data-carrier=&Selskaber=&G%C3%A5rdhavehus=7&Lejlighed=1&R%C3%A6kkehus=2&bolig-data-carrier=G%C3%A5rdhavehus%2CLejlighed%2CR%C3%A6kkehus&BoligTyper=7%2C1%2C2&FloorWish.Min=&FloorWish.Max=&min-data-carrier=&HuslejeMin=&max-data-carrier=&HuslejeMax=&antv-data-carrier=&AntalVaerelser=&antvmax-data-carrier=&AntalVaerelserMax=&div-data-carrier=&BoligArealMin=65&BoligArealMax=200&orderby=&sort=&page=2","Se bolig","https://aarhusbolig.dk/afdelinger/?bolignr=347&selskab=1013&afdeling=38&antalrum=3","Afd. 38 Engkærgårds Alle","6.740 Kr."
"1605889420-1724","https://aarhusbolig.dk/Soeg-bolig?Fritekst=&8340+Malling=28&omr-data-carrier=8340+Malling&BoligOmraader=28&org-data-carrier=&Selskaber=&G%C3%A5rdhavehus=7&Lejlighed=1&R%C3%A6kkehus=2&bolig-data-carrier=G%C3%A5rdhavehus%2CLejlighed%2CR%C3%A6kkehus&BoligTyper=7%2C1%2C2&FloorWish.Min=&FloorWish.Max=&min-data-carrier=&HuslejeMin=&max-data-carrier=&HuslejeMax=&antv-data-carrier=&AntalVaerelser=&antvmax-data-carrier=&AntalVaerelserMax=&div-data-carrier=&BoligArealMin=65&BoligArealMax=200&orderby=&sort=&page=2","Se bolig","https://aarhusbolig.dk/afdelinger/?bolignr=262&selskab=1013&afdeling=37&antalrum=3","Afd. 37 Smedegårds Alle","6.410 Kr."
"1605889510-1735","https://aarhusbolig.dk/Soeg-bolig?Fritekst=&8340+Malling=28&omr-data-carrier=8340+Malling&BoligOmraader=28&org-data-carrier=&Selskaber=&G%C3%A5rdhavehus=7&Lejlighed=1&R%C3%A6kkehus=2&bolig-data-carrier=G%C3%A5rdhavehus%2CLejlighed%2CR%C3%A6kkehus&BoligTyper=7%2C1%2C2&FloorWish.Min=&FloorWish.Max=&min-data-carrier=&HuslejeMin=&max-data-carrier=&HuslejeMax=&antv-data-carrier=&AntalVaerelser=&antvmax-data-carrier=&AntalVaerelserMax=&div-data-carrier=&BoligArealMin=65&BoligArealMax=200&orderby=&sort=&page=1","Se bolig","https://aarhusbolig.dk/afdelinger/?bolignr=11&selskab=1013&afdeling=32&antalrum=2","Afd. 32 Bredgade","5.528 Kr."
"1605889533-1737","https://aarhusbolig.dk/Soeg-bolig?Fritekst=&8340+Malling=28&omr-data-carrier=8340+Malling&BoligOmraader=28&org-data-carrier=&Selskaber=&G%C3%A5rdhavehus=7&Lejlighed=1&R%C3%A6kkehus=2&bolig-data-carrier=G%C3%A5rdhavehus%2CLejlighed%2CR%C3%A6kkehus&BoligTyper=7%2C1%2C2&FloorWish.Min=&FloorWish.Max=&min-data-carrier=&HuslejeMin=&max-data-carrier=&HuslejeMax=&antv-data-carrier=&AntalVaerelser=&antvmax-data-carrier=&AntalVaerelserMax=&div-data-carrier=&BoligArealMin=65&BoligArealMax=200&orderby=&sort=&page=1","Se bolig","https://aarhusbolig.dk/afdelinger/?bolignr=3&selskab=1013&afdeling=31&antalrum=4","Afd. 31 Søndermarksvej/Tværgade","8.656 Kr."
"1605889370-1703","https://aarhusbolig.dk/Soeg-bolig?Fritekst=&8340+Malling=28&omr-data-carrier=8340+Malling&BoligOmraader=28&org-data-carrier=&Selskaber=&G%C3%A5rdhavehus=7&Lejlighed=1&R%C3%A6kkehus=2&bolig-data-carrier=G%C3%A5rdhavehus%2CLejlighed%2CR%C3%A6kkehus&BoligTyper=7%2C1%2C2&FloorWish.Min=&FloorWish.Max=&min-data-carrier=&HuslejeMin=&max-data-carrier=&HuslejeMax=&antv-data-carrier=&AntalVaerelser=&antvmax-data-carrier=&AntalVaerelserMax=&div-data-carrier=&BoligArealMin=65&BoligArealMax=200&orderby=&sort=&page=3","Se bolig","https://aarhusbolig.dk/afdelinger/?bolignr=1000&selskab=1013&afdeling=47&antalrum=3","Afd. 47 Veilgårdsparken","7.411 Kr."
"1605889407-1718","https://aarhusbolig.dk/Soeg-bolig?Fritekst=&8340+Malling=28&omr-data-carrier=8340+Malling&BoligOmraader=28&org-data-carrier=&Selskaber=&G%C3%A5rdhavehus=7&Lejlighed=1&R%C3%A6kkehus=2&bolig-data-carrier=G%C3%A5rdhavehus%2CLejlighed%2CR%C3%A6kkehus&BoligTyper=7%2C1%2C2&FloorWish.Min=&FloorWish.Max=&min-data-carrier=&HuslejeMin=&max-data-carrier=&HuslejeMax=&antv-data-carrier=&AntalVaerelser=&antvmax-data-carrier=&AntalVaerelserMax=&div-data-carrier=&BoligArealMin=65&BoligArealMax=200&orderby=&sort=&page=2","Se bolig","https://aarhusbolig.dk/afdelinger/?bolignr=301&selskab=1013&afdeling=38&antalrum=4","Afd. 38 Engkærgårds Alle","8.645 Kr."
"1605889594-1742","https://aarhusbolig.dk/Soeg-bolig?Fritekst=&8340+Malling=28&omr-data-carrier=8340+Malling&BoligOmraader=28&org-data-carrier=&Selskaber=&G%C3%A5rdhavehus=7&Lejlighed=1&R%C3%A6kkehus=2&bolig-data-carrier=G%C3%A5rdhavehus%2CLejlighed%2CR%C3%A6kkehus&BoligTyper=7%2C1%2C2&FloorWish.Min=&FloorWish.Max=&min-data-carrier=&HuslejeMin=&max-data-carrier=&HuslejeMax=&antv-data-carrier=&AntalVaerelser=&antvmax-data-carrier=&AntalVaerelserMax=&div-data-carrier=&BoligArealMin=65&BoligArealMax=200&orderby=&sort=&page=1","Se bolig","https://aarhusbolig.dk/afdelinger/?bolignr=8&selskab=1013&afdeling=31&antalrum=4","Afd. 31 Søndermarksvej/Tværgade","6.657 Kr."
"1605889551-1739","https://aarhusbolig.dk/Soeg-bolig?Fritekst=&8340+Malling=28&omr-data-carrier=8340+Malling&BoligOmraader=28&org-data-carrier=&Selskaber=&G%C3%A5rdhavehus=7&Lejlighed=1&R%C3%A6kkehus=2&bolig-data-carrier=G%C3%A5rdhavehus%2CLejlighed%2CR%C3%A6kkehus&BoligTyper=7%2C1%2C2&FloorWish.Min=&FloorWish.Max=&min-data-carrier=&HuslejeMin=&max-data-carrier=&HuslejeMax=&antv-data-carrier=&AntalVaerelser=&antvmax-data-carrier=&AntalVaerelserMax=&div-data-carrier=&BoligArealMin=65&BoligArealMax=200&orderby=&sort=&page=1","Se bolig","https://aarhusbolig.dk/afdelinger/?bolignr=2&selskab=1013&afdeling=31&antalrum=4","Afd. 31 Søndermarksvej/Tværgade","5.658 Kr."
"1605889373-1704","https://aarhusbolig.dk/Soeg-bolig?Fritekst=&8340+Malling=28&omr-data-carrier=8340+Malling&BoligOmraader=28&org-data-carrier=&Selskaber=&G%C3%A5rdhavehus=7&Lejlighed=1&R%C3%A6kkehus=2&bolig-data-carrier=G%C3%A5rdhavehus%2CLejlighed%2CR%C3%A6kkehus&BoligTyper=7%2C1%2C2&FloorWish.Min=&FloorWish.Max=&min-data-carrier=&HuslejeMin=&max-data-carrier=&HuslejeMax=&antv-data-carrier=&AntalVaerelser=&antvmax-data-carrier=&AntalVaerelserMax=&div-data-carrier=&BoligArealMin=65&BoligArealMax=200&orderby=&sort=&page=3","Se bolig","https://aarhusbolig.dk/afdelinger/?bolignr=675&selskab=1013&afdeling=45&antalrum=5","Afd. 45 Veilgårdsparken","8.362 Kr."
"1605889393-1712","https://aarhusbolig.dk/Soeg-bolig?Fritekst=&8340+Malling=28&omr-data-carrier=8340+Malling&BoligOmraader=28&org-data-carrier=&Selskaber=&G%C3%A5rdhavehus=7&Lejlighed=1&R%C3%A6kkehus=2&bolig-data-carrier=G%C3%A5rdhavehus%2CLejlighed%2CR%C3%A6kkehus&BoligTyper=7%2C1%2C2&FloorWish.Min=&FloorWish.Max=&min-data-carrier=&HuslejeMin=&max-data-carrier=&HuslejeMax=&antv-data-carrier=&AntalVaerelser=&antvmax-data-carrier=&AntalVaerelserMax=&div-data-carrier=&BoligArealMin=65&BoligArealMax=200&orderby=&sort=&page=2","Se bolig","https://aarhusbolig.dk/afdelinger/?bolignr=504&selskab=1013&afdeling=41&antalrum=4","Afd. 41 Markskellet","7.008 Kr."
"1605889398-1714","https://aarhusbolig.dk/Soeg-bolig?Fritekst=&8340+Malling=28&omr-data-carrier=8340+Malling&BoligOmraader=28&org-data-carrier=&Selskaber=&G%C3%A5rdhavehus=7&Lejlighed=1&R%C3%A6kkehus=2&bolig-data-carrier=G%C3%A5rdhavehus%2CLejlighed%2CR%C3%A6kkehus&BoligTyper=7%2C1%2C2&FloorWish.Min=&FloorWish.Max=&min-data-carrier=&HuslejeMin=&max-data-carrier=&HuslejeMax=&antv-data-carrier=&AntalVaerelser=&antvmax-data-carrier=&AntalVaerelserMax=&div-data-carrier=&BoligArealMin=65&BoligArealMax=200&orderby=&sort=&page=2","Se bolig","https://aarhusbolig.dk/afdelinger/?bolignr=475&selskab=1013&afdeling=39&antalrum=4","Afd. 39 Mallinggårdsvej","7.631 Kr."
"1605889405-1717","https://aarhusbolig.dk/Soeg-bolig?Fritekst=&8340+Malling=28&omr-data-carrier=8340+Malling&BoligOmraader=28&org-data-carrier=&Selskaber=&G%C3%A5rdhavehus=7&Lejlighed=1&R%C3%A6kkehus=2&bolig-data-carrier=G%C3%A5rdhavehus%2CLejlighed%2CR%C3%A6kkehus&BoligTyper=7%2C1%2C2&FloorWish.Min=&FloorWish.Max=&min-data-carrier=&HuslejeMin=&max-data-carrier=&HuslejeMax=&antv-data-carrier=&AntalVaerelser=&antvmax-data-carrier=&AntalVaerelserMax=&div-data-carrier=&BoligArealMin=65&BoligArealMax=200&orderby=&sort=&page=2","Se bolig","https://aarhusbolig.dk/afdelinger/?bolignr=415&selskab=1013&afdeling=39&antalrum=2","Afd. 39 Mallinggårdsvej","6.081 Kr."
"1605889389-1711","https://aarhusbolig.dk/Soeg-bolig?Fritekst=&8340+Malling=28&omr-data-carrier=8340+Malling&BoligOmraader=28&org-data-carrier=&Selskaber=&G%C3%A5rdhavehus=7&Lejlighed=1&R%C3%A6kkehus=2&bolig-data-carrier=G%C3%A5rdhavehus%2CLejlighed%2CR%C3%A6kkehus&BoligTyper=7%2C1%2C2&FloorWish.Min=&FloorWish.Max=&min-data-carrier=&HuslejeMin=&max-data-carrier=&HuslejeMax=&antv-data-carrier=&AntalVaerelser=&antvmax-data-carrier=&AntalVaerelserMax=&div-data-carrier=&BoligArealMin=65&BoligArealMax=200&orderby=&sort=&page=3","Se bolig","https://aarhusbolig.dk/afdelinger/?bolignr=568&selskab=1013&afdeling=41&antalrum=5","Afd. 41 Markskellet","8.147 Kr."
"1605889414-1721","https://aarhusbolig.dk/Soeg-bolig?Fritekst=&8340+Malling=28&omr-data-carrier=8340+Malling&BoligOmraader=28&org-data-carrier=&Selskaber=&G%C3%A5rdhavehus=7&Lejlighed=1&R%C3%A6kkehus=2&bolig-data-carrier=G%C3%A5rdhavehus%2CLejlighed%2CR%C3%A6kkehus&BoligTyper=7%2C1%2C2&FloorWish.Min=&FloorWish.Max=&min-data-carrier=&HuslejeMin=&max-data-carrier=&HuslejeMax=&antv-data-carrier=&AntalVaerelser=&antvmax-data-carrier=&AntalVaerelserMax=&div-data-carrier=&BoligArealMin=65&BoligArealMax=200&orderby=&sort=&page=2","Se bolig","https://aarhusbolig.dk/afdelinger/?bolignr=305&selskab=1013&afdeling=38&antalrum=2","Afd. 38 Engkærgårds Alle","5.701 Kr."
"1605889384-1709","https://aarhusbolig.dk/Soeg-bolig?Fritekst=&8340+Malling=28&omr-data-carrier=8340+Malling&BoligOmraader=28&org-data-carrier=&Selskaber=&G%C3%A5rdhavehus=7&Lejlighed=1&R%C3%A6kkehus=2&bolig-data-carrier=G%C3%A5rdhavehus%2CLejlighed%2CR%C3%A6kkehus&BoligTyper=7%2C1%2C2&FloorWish.Min=&FloorWish.Max=&min-data-carrier=&HuslejeMin=&max-data-carrier=&HuslejeMax=&antv-data-carrier=&AntalVaerelser=&antvmax-data-carrier=&AntalVaerelserMax=&div-data-carrier=&BoligArealMin=65&BoligArealMax=200&orderby=&sort=&page=3","Se bolig","https://aarhusbolig.dk/afdelinger/?bolignr=639&selskab=1013&afdeling=44&antalrum=3","Afd. 44 Moselunden","6.403 Kr."
"1605889484-1732","https://aarhusbolig.dk/Soeg-bolig?Fritekst=&8340+Malling=28&omr-data-carrier=8340+Malling&BoligOmraader=28&org-data-carrier=&Selskaber=&G%C3%A5rdhavehus=7&Lejlighed=1&R%C3%A6kkehus=2&bolig-data-carrier=G%C3%A5rdhavehus%2CLejlighed%2CR%C3%A6kkehus&BoligTyper=7%2C1%2C2&FloorWish.Min=&FloorWish.Max=&min-data-carrier=&HuslejeMin=&max-data-carrier=&HuslejeMax=&antv-data-carrier=&AntalVaerelser=&antvmax-data-carrier=&AntalVaerelserMax=&div-data-carrier=&BoligArealMin=65&BoligArealMax=200&orderby=&sort=&page=1","Se bolig","https://aarhusbolig.dk/afdelinger/?bolignr=10&selskab=1013&afdeling=32&antalrum=4","Afd. 32 Bredgade","8.612 Kr."
"1605889366-1701","https://aarhusbolig.dk/Soeg-bolig?Fritekst=&8340+Malling=28&omr-data-carrier=8340+Malling&BoligOmraader=28&org-data-carrier=&Selskaber=&G%C3%A5rdhavehus=7&Lejlighed=1&R%C3%A6kkehus=2&bolig-data-carrier=G%C3%A5rdhavehus%2CLejlighed%2CR%C3%A6kkehus&BoligTyper=7%2C1%2C2&FloorWish.Min=&FloorWish.Max=&min-data-carrier=&HuslejeMin=&max-data-carrier=&HuslejeMax=&antv-data-carrier=&AntalVaerelser=&antvmax-data-carrier=&AntalVaerelserMax=&div-data-carrier=&BoligArealMin=65&BoligArealMax=200&orderby=&sort=&page=3","Se bolig","https://aarhusbolig.dk/afdelinger/?bolignr=1001&selskab=1013&afdeling=47&antalrum=5","Afd. 47 Veilgårdsparken","8.999 Kr."
"1605889377-1706","https://aarhusbolig.dk/Soeg-bolig?Fritekst=&8340+Malling=28&omr-data-carrier=8340+Malling&BoligOmraader=28&org-data-carrier=&Selskaber=&G%C3%A5rdhavehus=7&Lejlighed=1&R%C3%A6kkehus=2&bolig-data-carrier=G%C3%A5rdhavehus%2CLejlighed%2CR%C3%A6kkehus&BoligTyper=7%2C1%2C2&FloorWish.Min=&FloorWish.Max=&min-data-carrier=&HuslejeMin=&max-data-carrier=&HuslejeMax=&antv-data-carrier=&AntalVaerelser=&antvmax-data-carrier=&AntalVaerelserMax=&div-data-carrier=&BoligArealMin=65&BoligArealMax=200&orderby=&sort=&page=3","Se bolig","https://aarhusbolig.dk/afdelinger/?bolignr=690&selskab=1013&afdeling=45&antalrum=3","Afd. 45 Veilgårdsparken","6.758 Kr."
"1605889568-1740","https://aarhusbolig.dk/Soeg-bolig?Fritekst=&8340+Malling=28&omr-data-carrier=8340+Malling&BoligOmraader=28&org-data-carrier=&Selskaber=&G%C3%A5rdhavehus=7&Lejlighed=1&R%C3%A6kkehus=2&bolig-data-carrier=G%C3%A5rdhavehus%2CLejlighed%2CR%C3%A6kkehus&BoligTyper=7%2C1%2C2&FloorWish.Min=&FloorWish.Max=&min-data-carrier=&HuslejeMin=&max-data-carrier=&HuslejeMax=&antv-data-carrier=&AntalVaerelser=&antvmax-data-carrier=&AntalVaerelserMax=&div-data-carrier=&BoligArealMin=65&BoligArealMax=200&orderby=&sort=&page=1","Se bolig","https://aarhusbolig.dk/afdelinger/?bolignr=1&selskab=1013&afdeling=31&antalrum=4","Afd. 31 Søndermarksvej/Tværgade","8.384 Kr."
"1605889459-1730","https://aarhusbolig.dk/Soeg-bolig?Fritekst=&8340+Malling=28&omr-data-carrier=8340+Malling&BoligOmraader=28&org-data-carrier=&Selskaber=&G%C3%A5rdhavehus=7&Lejlighed=1&R%C3%A6kkehus=2&bolig-data-carrier=G%C3%A5rdhavehus%2CLejlighed%2CR%C3%A6kkehus&BoligTyper=7%2C1%2C2&FloorWish.Min=&FloorWish.Max=&min-data-carrier=&HuslejeMin=&max-data-carrier=&HuslejeMax=&antv-data-carrier=&AntalVaerelser=&antvmax-data-carrier=&AntalVaerelserMax=&div-data-carrier=&BoligArealMin=65&BoligArealMax=200&orderby=&sort=&page=1","Se bolig","https://aarhusbolig.dk/afdelinger/?bolignr=93&selskab=1013&afdeling=35&antalrum=3","Afd. 35 Stenhøjgårdsvej","5.894 Kr."
"1605889411-1720","https://aarhusbolig.dk/Soeg-bolig?Fritekst=&8340+Malling=28&omr-data-carrier=8340+Malling&BoligOmraader=28&org-data-carrier=&Selskaber=&G%C3%A5rdhavehus=7&Lejlighed=1&R%C3%A6kkehus=2&bolig-data-carrier=G%C3%A5rdhavehus%2CLejlighed%2CR%C3%A6kkehus&BoligTyper=7%2C1%2C2&FloorWish.Min=&FloorWish.Max=&min-data-carrier=&HuslejeMin=&max-data-carrier=&HuslejeMax=&antv-data-carrier=&AntalVaerelser=&antvmax-data-carrier=&AntalVaerelserMax=&div-data-carrier=&BoligArealMin=65&BoligArealMax=200&orderby=&sort=&page=2","Se bolig","https://aarhusbolig.dk/afdelinger/?bolignr=316&selskab=1013&afdeling=38&antalrum=3","Afd. 38 Engkærgårds Alle","6.740 Kr."
"1605889522-1736","https://aarhusbolig.dk/Soeg-bolig?Fritekst=&8340+Malling=28&omr-data-carrier=8340+Malling&BoligOmraader=28&org-data-carrier=&Selskaber=&G%C3%A5rdhavehus=7&Lejlighed=1&R%C3%A6kkehus=2&bolig-data-carrier=G%C3%A5rdhavehus%2CLejlighed%2CR%C3%A6kkehus&BoligTyper=7%2C1%2C2&FloorWish.Min=&FloorWish.Max=&min-data-carrier=&HuslejeMin=&max-data-carrier=&HuslejeMax=&antv-data-carrier=&AntalVaerelser=&antvmax-data-carrier=&AntalVaerelserMax=&div-data-carrier=&BoligArealMin=65&BoligArealMax=200&orderby=&sort=&page=1","Se bolig","https://aarhusbolig.dk/afdelinger/?bolignr=12&selskab=1013&afdeling=32&antalrum=2","Afd. 32 Bredgade","5.450 Kr."
"1605889418-1723","https://aarhusbolig.dk/Soeg-bolig?Fritekst=&8340+Malling=28&omr-data-carrier=8340+Malling&BoligOmraader=28&org-data-carrier=&Selskaber=&G%C3%A5rdhavehus=7&Lejlighed=1&R%C3%A6kkehus=2&bolig-data-carrier=G%C3%A5rdhavehus%2CLejlighed%2CR%C3%A6kkehus&BoligTyper=7%2C1%2C2&FloorWish.Min=&FloorWish.Max=&min-data-carrier=&HuslejeMin=&max-data-carrier=&HuslejeMax=&antv-data-carrier=&AntalVaerelser=&antvmax-data-carrier=&AntalVaerelserMax=&div-data-carrier=&BoligArealMin=65&BoligArealMax=200&orderby=&sort=&page=2","Se bolig","https://aarhusbolig.dk/afdelinger/?bolignr=271&selskab=1013&afdeling=37&antalrum=4","Afd. 37 Smedegårds Alle","7.729 Kr."
"1605889422-1725","https://aarhusbolig.dk/Soeg-bolig?Fritekst=&8340+Malling=28&omr-data-carrier=8340+Malling&BoligOmraader=28&org-data-carrier=&Selskaber=&G%C3%A5rdhavehus=7&Lejlighed=1&R%C3%A6kkehus=2&bolig-data-carrier=G%C3%A5rdhavehus%2CLejlighed%2CR%C3%A6kkehus&BoligTyper=7%2C1%2C2&FloorWish.Min=&FloorWish.Max=&min-data-carrier=&HuslejeMin=&max-data-carrier=&HuslejeMax=&antv-data-carrier=&AntalVaerelser=&antvmax-data-carrier=&AntalVaerelserMax=&div-data-carrier=&BoligArealMin=65&BoligArealMax=200&orderby=&sort=&page=2","Se bolig","https://aarhusbolig.dk/afdelinger/?bolignr=253&selskab=1013&afdeling=37&antalrum=2","Afd. 37 Smedegårds Alle","5.371 Kr."
"1605889379-1707","https://aarhusbolig.dk/Soeg-bolig?Fritekst=&8340+Malling=28&omr-data-carrier=8340+Malling&BoligOmraader=28&org-data-carrier=&Selskaber=&G%C3%A5rdhavehus=7&Lejlighed=1&R%C3%A6kkehus=2&bolig-data-carrier=G%C3%A5rdhavehus%2CLejlighed%2CR%C3%A6kkehus&BoligTyper=7%2C1%2C2&FloorWish.Min=&FloorWish.Max=&min-data-carrier=&HuslejeMin=&max-data-carrier=&HuslejeMax=&antv-data-carrier=&AntalVaerelser=&antvmax-data-carrier=&AntalVaerelserMax=&div-data-carrier=&BoligArealMin=65&BoligArealMax=200&orderby=&sort=&page=3","Se bolig","https://aarhusbolig.dk/afdelinger/?bolignr=670&selskab=1013&afdeling=45&antalrum=2","Afd. 45 Veilgårdsparken","5.811 Kr."
"1605889382-1708","https://aarhusbolig.dk/Soeg-bolig?Fritekst=&8340+Malling=28&omr-data-carrier=8340+Malling&BoligOmraader=28&org-data-carrier=&Selskaber=&G%C3%A5rdhavehus=7&Lejlighed=1&R%C3%A6kkehus=2&bolig-data-carrier=G%C3%A5rdhavehus%2CLejlighed%2CR%C3%A6kkehus&BoligTyper=7%2C1%2C2&FloorWish.Min=&FloorWish.Max=&min-data-carrier=&HuslejeMin=&max-data-carrier=&HuslejeMax=&antv-data-carrier=&AntalVaerelser=&antvmax-data-carrier=&AntalVaerelserMax=&div-data-carrier=&BoligArealMin=65&BoligArealMax=200&orderby=&sort=&page=3","Se bolig","https://aarhusbolig.dk/afdelinger/?bolignr=640&selskab=1013&afdeling=44&antalrum=4","Afd. 44 Moselunden","7.191 Kr."
"1605889541-1738","https://aarhusbolig.dk/Soeg-bolig?Fritekst=&8340+Malling=28&omr-data-carrier=8340+Malling&BoligOmraader=28&org-data-carrier=&Selskaber=&G%C3%A5rdhavehus=7&Lejlighed=1&R%C3%A6kkehus=2&bolig-data-carrier=G%C3%A5rdhavehus%2CLejlighed%2CR%C3%A6kkehus&BoligTyper=7%2C1%2C2&FloorWish.Min=&FloorWish.Max=&min-data-carrier=&HuslejeMin=&max-data-carrier=&HuslejeMax=&antv-data-carrier=&AntalVaerelser=&antvmax-data-carrier=&AntalVaerelserMax=&div-data-carrier=&BoligArealMin=65&BoligArealMax=200&orderby=&sort=&page=1","Se bolig","https://aarhusbolig.dk/afdelinger/?bolignr=5&selskab=1013&afdeling=31&antalrum=4","Afd. 31 Søndermarksvej/Tværgade","8.329 Kr."
"1605889449-1729","https://aarhusbolig.dk/Soeg-bolig?Fritekst=&8340+Malling=28&omr-data-carrier=8340+Malling&BoligOmraader=28&org-data-carrier=&Selskaber=&G%C3%A5rdhavehus=7&Lejlighed=1&R%C3%A6kkehus=2&bolig-data-carrier=G%C3%A5rdhavehus%2CLejlighed%2CR%C3%A6kkehus&BoligTyper=7%2C1%2C2&FloorWish.Min=&FloorWish.Max=&min-data-carrier=&HuslejeMin=&max-data-carrier=&HuslejeMax=&antv-data-carrier=&AntalVaerelser=&antvmax-data-carrier=&AntalVaerelserMax=&div-data-carrier=&BoligArealMin=65&BoligArealMax=200&orderby=&sort=&page=1","Se bolig","https://aarhusbolig.dk/afdelinger/?bolignr=137&selskab=1013&afdeling=35&antalrum=3","Afd. 35 Stenhøjgårdsvej","6.302 Kr."
"1605889468-1731","https://aarhusbolig.dk/Soeg-bolig?Fritekst=&8340+Malling=28&omr-data-carrier=8340+Malling&BoligOmraader=28&org-data-carrier=&Selskaber=&G%C3%A5rdhavehus=7&Lejlighed=1&R%C3%A6kkehus=2&bolig-data-carrier=G%C3%A5rdhavehus%2CLejlighed%2CR%C3%A6kkehus&BoligTyper=7%2C1%2C2&FloorWish.Min=&FloorWish.Max=&min-data-carrier=&HuslejeMin=&max-data-carrier=&HuslejeMax=&antv-data-carrier=&AntalVaerelser=&antvmax-data-carrier=&AntalVaerelserMax=&div-data-carrier=&BoligArealMin=65&BoligArealMax=200&orderby=&sort=&page=1","Se bolig","https://aarhusbolig.dk/afdelinger/?bolignr=35&selskab=1013&afdeling=33&antalrum=3","Afd. 33 Nyvej/Smedegårds Alle","6.258 Kr."
"1605889395-1713","https://aarhusbolig.dk/Soeg-bolig?Fritekst=&8340+Malling=28&omr-data-carrier=8340+Malling&BoligOmraader=28&org-data-carrier=&Selskaber=&G%C3%A5rdhavehus=7&Lejlighed=1&R%C3%A6kkehus=2&bolig-data-carrier=G%C3%A5rdhavehus%2CLejlighed%2CR%C3%A6kkehus&BoligTyper=7%2C1%2C2&FloorWish.Min=&FloorWish.Max=&min-data-carrier=&HuslejeMin=&max-data-carrier=&HuslejeMax=&antv-data-carrier=&AntalVaerelser=&antvmax-data-carrier=&AntalVaerelserMax=&div-data-carrier=&BoligArealMin=65&BoligArealMax=200&orderby=&sort=&page=2","Se bolig","https://aarhusbolig.dk/afdelinger/?bolignr=511&selskab=1013&afdeling=41&antalrum=3","Afd. 41 Markskellet","6.143 Kr."
"1605889386-1710","https://aarhusbolig.dk/Soeg-bolig?Fritekst=&8340+Malling=28&omr-data-carrier=8340+Malling&BoligOmraader=28&org-data-carrier=&Selskaber=&G%C3%A5rdhavehus=7&Lejlighed=1&R%C3%A6kkehus=2&bolig-data-carrier=G%C3%A5rdhavehus%2CLejlighed%2CR%C3%A6kkehus&BoligTyper=7%2C1%2C2&FloorWish.Min=&FloorWish.Max=&min-data-carrier=&HuslejeMin=&max-data-carrier=&HuslejeMax=&antv-data-carrier=&AntalVaerelser=&antvmax-data-carrier=&AntalVaerelserMax=&div-data-carrier=&BoligArealMin=65&BoligArealMax=200&orderby=&sort=&page=3","Se bolig","https://aarhusbolig.dk/afdelinger/?bolignr=623&selskab=1013&afdeling=44&antalrum=2","Afd. 44 Moselunden","5.143 Kr."
"1605889400-1715","https://aarhusbolig.dk/Soeg-bolig?Fritekst=&8340+Malling=28&omr-data-carrier=8340+Malling&BoligOmraader=28&org-data-carrier=&Selskaber=&G%C3%A5rdhavehus=7&Lejlighed=1&R%C3%A6kkehus=2&bolig-data-carrier=G%C3%A5rdhavehus%2CLejlighed%2CR%C3%A6kkehus&BoligTyper=7%2C1%2C2&FloorWish.Min=&FloorWish.Max=&min-data-carrier=&HuslejeMin=&max-data-carrier=&HuslejeMax=&antv-data-carrier=&AntalVaerelser=&antvmax-data-carrier=&AntalVaerelserMax=&div-data-carrier=&BoligArealMin=65&BoligArealMax=200&orderby=&sort=&page=2","Se bolig","https://aarhusbolig.dk/afdelinger/?bolignr=444&selskab=1013&afdeling=39&antalrum=3","Afd. 39 Mallinggårdsvej","8.021 Kr."
"1605889427-1727","https://aarhusbolig.dk/Soeg-bolig?Fritekst=&8340+Malling=28&omr-data-carrier=8340+Malling&BoligOmraader=28&org-data-carrier=&Selskaber=&G%C3%A5rdhavehus=7&Lejlighed=1&R%C3%A6kkehus=2&bolig-data-carrier=G%C3%A5rdhavehus%2CLejlighed%2CR%C3%A6kkehus&BoligTyper=7%2C1%2C2&FloorWish.Min=&FloorWish.Max=&min-data-carrier=&HuslejeMin=&max-data-carrier=&HuslejeMax=&antv-data-carrier=&AntalVaerelser=&antvmax-data-carrier=&AntalVaerelserMax=&div-data-carrier=&BoligArealMin=65&BoligArealMax=200&orderby=&sort=&page=2","Se bolig","https://aarhusbolig.dk/afdelinger/?bolignr=147&selskab=1013&afdeling=36&antalrum=3","Afd. 36 Tværgade","8.367 Kr."
"1605889494-1733","https://aarhusbolig.dk/Soeg-bolig?Fritekst=&8340+Malling=28&omr-data-carrier=8340+Malling&BoligOmraader=28&org-data-carrier=&Selskaber=&G%C3%A5rdhavehus=7&Lejlighed=1&R%C3%A6kkehus=2&bolig-data-carrier=G%C3%A5rdhavehus%2CLejlighed%2CR%C3%A6kkehus&BoligTyper=7%2C1%2C2&FloorWish.Min=&FloorWish.Max=&min-data-carrier=&HuslejeMin=&max-data-carrier=&HuslejeMax=&antv-data-carrier=&AntalVaerelser=&antvmax-data-carrier=&AntalVaerelserMax=&div-data-carrier=&BoligArealMin=65&BoligArealMax=200&orderby=&sort=&page=1","Se bolig","https://aarhusbolig.dk/afdelinger/?bolignr=15&selskab=1013&afdeling=32&antalrum=4","Afd. 32 Bredgade","8.545 Kr."
"1605889502-1734","https://aarhusbolig.dk/Soeg-bolig?Fritekst=&8340+Malling=28&omr-data-carrier=8340+Malling&BoligOmraader=28&org-data-carrier=&Selskaber=&G%C3%A5rdhavehus=7&Lejlighed=1&R%C3%A6kkehus=2&bolig-data-carrier=G%C3%A5rdhavehus%2CLejlighed%2CR%C3%A6kkehus&BoligTyper=7%2C1%2C2&FloorWish.Min=&FloorWish.Max=&min-data-carrier=&HuslejeMin=&max-data-carrier=&HuslejeMax=&antv-data-carrier=&AntalVaerelser=&antvmax-data-carrier=&AntalVaerelserMax=&div-data-carrier=&BoligArealMin=65&BoligArealMax=200&orderby=&sort=&page=1","Se bolig","https://aarhusbolig.dk/afdelinger/?bolignr=13&selskab=1013&afdeling=32&antalrum=2","Afd. 32 Bredgade","5.639 Kr."
"1605889425-1726","https://aarhusbolig.dk/Soeg-bolig?Fritekst=&8340+Malling=28&omr-data-carrier=8340+Malling&BoligOmraader=28&org-data-carrier=&Selskaber=&G%C3%A5rdhavehus=7&Lejlighed=1&R%C3%A6kkehus=2&bolig-data-carrier=G%C3%A5rdhavehus%2CLejlighed%2CR%C3%A6kkehus&BoligTyper=7%2C1%2C2&FloorWish.Min=&FloorWish.Max=&min-data-carrier=&HuslejeMin=&max-data-carrier=&HuslejeMax=&antv-data-carrier=&AntalVaerelser=&antvmax-data-carrier=&AntalVaerelserMax=&div-data-carrier=&BoligArealMin=65&BoligArealMax=200&orderby=&sort=&page=2","Se bolig","https://aarhusbolig.dk/afdelinger/?bolignr=151&selskab=1013&afdeling=36&antalrum=4","Afd. 36 Tværgade","8.195 Kr."
"1605889402-1716","https://aarhusbolig.dk/Soeg-bolig?Fritekst=&8340+Malling=28&omr-data-carrier=8340+Malling&BoligOmraader=28&org-data-carrier=&Selskaber=&G%C3%A5rdhavehus=7&Lejlighed=1&R%C3%A6kkehus=2&bolig-data-carrier=G%C3%A5rdhavehus%2CLejlighed%2CR%C3%A6kkehus&BoligTyper=7%2C1%2C2&FloorWish.Min=&FloorWish.Max=&min-data-carrier=&HuslejeMin=&max-data-carrier=&HuslejeMax=&antv-data-carrier=&AntalVaerelser=&antvmax-data-carrier=&AntalVaerelserMax=&div-data-carrier=&BoligArealMin=65&BoligArealMax=200&orderby=&sort=&page=2","Se bolig","https://aarhusbolig.dk/afdelinger/?bolignr=463&selskab=1013&afdeling=39&antalrum=3","Afd. 39 Mallinggårdsvej","6.962 Kr."
"1605889368-1702","https://aarhusbolig.dk/Soeg-bolig?Fritekst=&8340+Malling=28&omr-data-carrier=8340+Malling&BoligOmraader=28&org-data-carrier=&Selskaber=&G%C3%A5rdhavehus=7&Lejlighed=1&R%C3%A6kkehus=2&bolig-data-carrier=G%C3%A5rdhavehus%2CLejlighed%2CR%C3%A6kkehus&BoligTyper=7%2C1%2C2&FloorWish.Min=&FloorWish.Max=&min-data-carrier=&HuslejeMin=&max-data-carrier=&HuslejeMax=&antv-data-carrier=&AntalVaerelser=&antvmax-data-carrier=&AntalVaerelserMax=&div-data-carrier=&BoligArealMin=65&BoligArealMax=200&orderby=&sort=&page=3","Se bolig","https://aarhusbolig.dk/afdelinger/?bolignr=1002&selskab=1013&afdeling=47&antalrum=4","Afd. 47 Veilgårdsparken","8.500 Kr."
"1605889582-1741","https://aarhusbolig.dk/Soeg-bolig?Fritekst=&8340+Malling=28&omr-data-carrier=8340+Malling&BoligOmraader=28&org-data-carrier=&Selskaber=&G%C3%A5rdhavehus=7&Lejlighed=1&R%C3%A6kkehus=2&bolig-data-carrier=G%C3%A5rdhavehus%2CLejlighed%2CR%C3%A6kkehus&BoligTyper=7%2C1%2C2&FloorWish.Min=&FloorWish.Max=&min-data-carrier=&HuslejeMin=&max-data-carrier=&HuslejeMax=&antv-data-carrier=&AntalVaerelser=&antvmax-data-carrier=&AntalVaerelserMax=&div-data-carrier=&BoligArealMin=65&BoligArealMax=200&orderby=&sort=&page=1","Se bolig","https://aarhusbolig.dk/afdelinger/?bolignr=7&selskab=1013&afdeling=31&antalrum=4","Afd. 31 Søndermarksvej/Tværgade","8.547 Kr."
"1605889607-1743","https://aarhusbolig.dk/Soeg-bolig?Fritekst=&8340+Malling=28&omr-data-carrier=8340+Malling&BoligOmraader=28&org-data-carrier=&Selskaber=&G%C3%A5rdhavehus=7&Lejlighed=1&R%C3%A6kkehus=2&bolig-data-carrier=G%C3%A5rdhavehus%2CLejlighed%2CR%C3%A6kkehus&BoligTyper=7%2C1%2C2&FloorWish.Min=&FloorWish.Max=&min-data-carrier=&HuslejeMin=&max-data-carrier=&HuslejeMax=&antv-data-carrier=&AntalVaerelser=&antvmax-data-carrier=&AntalVaerelserMax=&div-data-carrier=&BoligArealMin=65&BoligArealMax=200&orderby=&sort=&page=1","Se bolig","https://aarhusbolig.dk/afdelinger/?bolignr=6&selskab=1013&afdeling=31&antalrum=3","Afd. 31 Søndermarksvej/Tværgade","5.195 Kr."
"1605889375-1705","https://aarhusbolig.dk/Soeg-bolig?Fritekst=&8340+Malling=28&omr-data-carrier=8340+Malling&BoligOmraader=28&org-data-carrier=&Selskaber=&G%C3%A5rdhavehus=7&Lejlighed=1&R%C3%A6kkehus=2&bolig-data-carrier=G%C3%A5rdhavehus%2CLejlighed%2CR%C3%A6kkehus&BoligTyper=7%2C1%2C2&FloorWish.Min=&FloorWish.Max=&min-data-carrier=&HuslejeMin=&max-data-carrier=&HuslejeMax=&antv-data-carrier=&AntalVaerelser=&antvmax-data-carrier=&AntalVaerelserMax=&div-data-carrier=&BoligArealMin=65&BoligArealMax=200&orderby=&sort=&page=3","Se bolig","https://aarhusbolig.dk/afdelinger/?bolignr=695&selskab=1013&afdeling=45&antalrum=4","Afd. 45 Veilgårdsparken","7.501 Kr."
"1605889435-1728","https://aarhusbolig.dk/Soeg-bolig?Fritekst=&8340+Malling=28&omr-data-carrier=8340+Malling&BoligOmraader=28&org-data-carrier=&Selskaber=&G%C3%A5rdhavehus=7&Lejlighed=1&R%C3%A6kkehus=2&bolig-data-carrier=G%C3%A5rdhavehus%2CLejlighed%2CR%C3%A6kkehus&BoligTyper=7%2C1%2C2&FloorWish.Min=&FloorWish.Max=&min-data-carrier=&HuslejeMin=&max-data-carrier=&HuslejeMax=&antv-data-carrier=&AntalVaerelser=&antvmax-data-carrier=&AntalVaerelserMax=&div-data-carrier=&BoligArealMin=65&BoligArealMax=200&orderby=&sort=&page=1","Se bolig","https://aarhusbolig.dk/afdelinger/?bolignr=111&selskab=1013&afdeling=35&antalrum=4","Afd. 35 Stenhøjgårdsvej","8.613 Kr."
"1605889416-1722","https://aarhusbolig.dk/Soeg-bolig?Fritekst=&8340+Malling=28&omr-data-carrier=8340+Malling&BoligOmraader=28&org-data-carrier=&Selskaber=&G%C3%A5rdhavehus=7&Lejlighed=1&R%C3%A6kkehus=2&bolig-data-carrier=G%C3%A5rdhavehus%2CLejlighed%2CR%C3%A6kkehus&BoligTyper=7%2C1%2C2&FloorWish.Min=&FloorWish.Max=&min-data-carrier=&HuslejeMin=&max-data-carrier=&HuslejeMax=&antv-data-carrier=&AntalVaerelser=&antvmax-data-carrier=&AntalVaerelserMax=&div-data-carrier=&BoligArealMin=65&BoligArealMax=200&orderby=&sort=&page=2","Se bolig","https://aarhusbolig.dk/afdelinger/?bolignr=319&selskab=1013&afdeling=38&antalrum=2","Afd. 38 Engkærgårds Alle","6.021 Kr."
